{
 "py/object": "IMLCV.base.bias.CompositeBias",
 "py/state": {
  "collective_variable": {
   "py/object": "IMLCV.base.CV.CollectiveVariable",
   "py/state": {
    "f": {
     "py/object": "IMLCV.base.CV.CvFlow",
     "py/state": {
      "func": {
       "py/object": "IMLCV.base.CV.CvTrans",
       "py/state": {
        "trans": {
         "py/tuple": [
          {
           "py/object": "IMLCV.base.CV.CvFun",
           "py/state": {
            "cv_input": null,
            "kwargs": {},
            "static_kwargs": {
             "n": 2
            },
            "jacfun": {
             "py/function": "jax._src.api.jacfwd"
            },
            "forward": {
             "py/function": "IMLCV.base.CV._duplicate_trans"
            },
            "backward": null
           }
          },
          {
           "py/object": "IMLCV.base.CV.CombinedCvFun",
           "py/state": {
            "classes": {
             "py/tuple": [
              {
               "py/tuple": [
                {
                 "py/object": "IMLCV.base.CV.CvFun",
                 "py/state": {
                  "cv_input": null,
                  "kwargs": {},
                  "static_kwargs": {
                   "numbers": [
                    4,
                    6,
                    8,
                    14
                   ]
                  },
                  "jacfun": {
                   "py/function": "jax._src.api.jacfwd"
                  },
                  "forward": {
                   "py/function": "IMLCV.implementations.CV._dihedral"
                  },
                  "backward": null
                 }
                }
               ]
              },
              {
               "py/tuple": [
                {
                 "py/object": "IMLCV.base.CV.CvFun",
                 "py/state": {
                  "cv_input": null,
                  "kwargs": {},
                  "static_kwargs": {
                   "numbers": [
                    6,
                    8,
                    14,
                    16
                   ]
                  },
                  "jacfun": {
                   "py/function": "jax._src.api.jacfwd"
                  },
                  "forward": {
                   "py/function": "IMLCV.implementations.CV._dihedral"
                  },
                  "backward": null
                 }
                }
               ]
              }
             ]
            }
           }
          }
         ]
        }
       }
      },
      "trans": null
     }
    },
    "metric": {
     "py/object": "IMLCV.base.CV.CvMetric",
     "py/state": {
      "bounding_box": {
       "py/object": "jaxlib.xla_extension.ArrayImpl",
       "array": {
        "py/object": "numpy.ndarray",
        "dtype": "float64",
        "values": [
         [
          -3.141592653589793,
          3.141592653589793
         ],
         [
          -3.141592653589793,
          3.141592653589793
         ]
        ]
       }
      },
      "periodicities": {
       "py/object": "jaxlib.xla_extension.ArrayImpl",
       "array": {
        "py/object": "numpy.ndarray",
        "dtype": "bool",
        "values": [
         true,
         true
        ]
       }
      }
     }
    },
    "jac": {
     "py/function": "jax._src.api.jacrev"
    }
   }
  },
  "start": 0,
  "step": 1,
  "finalized": false,
  "biases": [
   {
    "py/object": "IMLCV.base.bias.NoneBias",
    "py/state": {
     "collective_variable": {
      "py/id": 2
     },
     "start": null,
     "step": null,
     "finalized": false,
     "g": {
      "py/function": "IMLCV.base.bias._zero_fun"
     }
    }
   },
   {
    "py/object": "IMLCV.implementations.bias.HarmonicBias",
    "py/state": {
     "collective_variable": {
      "py/object": "IMLCV.base.CV.CollectiveVariable",
      "py/state": {
       "f": {
        "py/object": "IMLCV.base.CV.CvFlow",
        "py/state": {
         "func": {
          "py/object": "IMLCV.base.CV.CvTrans",
          "py/state": {
           "trans": {
            "py/tuple": [
             {
              "py/object": "IMLCV.base.CV.CvFun",
              "py/state": {
               "cv_input": null,
               "kwargs": {},
               "static_kwargs": {
                "n": 2
               },
               "jacfun": {
                "py/function": "jax._src.api.jacfwd"
               },
               "forward": {
                "py/function": "IMLCV.base.CV._duplicate_trans"
               },
               "backward": null
              }
             },
             {
              "py/object": "IMLCV.base.CV.CombinedCvFun",
              "py/state": {
               "classes": {
                "py/tuple": [
                 {
                  "py/tuple": [
                   {
                    "py/object": "IMLCV.base.CV.CvFun",
                    "py/state": {
                     "cv_input": null,
                     "kwargs": {},
                     "static_kwargs": {
                      "numbers": [
                       4,
                       6,
                       8,
                       14
                      ]
                     },
                     "jacfun": {
                      "py/function": "jax._src.api.jacfwd"
                     },
                     "forward": {
                      "py/function": "IMLCV.implementations.CV._dihedral"
                     },
                     "backward": null
                    }
                   }
                  ]
                 },
                 {
                  "py/tuple": [
                   {
                    "py/object": "IMLCV.base.CV.CvFun",
                    "py/state": {
                     "cv_input": null,
                     "kwargs": {},
                     "static_kwargs": {
                      "numbers": [
                       6,
                       8,
                       14,
                       16
                      ]
                     },
                     "jacfun": {
                      "py/function": "jax._src.api.jacfwd"
                     },
                     "forward": {
                      "py/function": "IMLCV.implementations.CV._dihedral"
                     },
                     "backward": null
                    }
                   }
                  ]
                 }
                ]
               }
              }
             }
            ]
           }
          }
         },
         "trans": null
        }
       },
       "metric": {
        "py/object": "IMLCV.base.CV.CvMetric",
        "py/state": {
         "bounding_box": {
          "py/object": "jaxlib.xla_extension.ArrayImpl",
          "array": {
           "py/object": "numpy.ndarray",
           "dtype": "float64",
           "values": [
            [
             -3.141592653589793,
             3.141592653589793
            ],
            [
             -3.141592653589793,
             3.141592653589793
            ]
           ]
          }
         },
         "periodicities": {
          "py/object": "jaxlib.xla_extension.ArrayImpl",
          "array": {
           "py/object": "numpy.ndarray",
           "dtype": "bool",
           "values": [
            true,
            true
           ]
          }
         }
        }
       },
       "jac": {
        "py/function": "jax._src.api.jacrev"
       }
      }
     },
     "start": null,
     "step": null,
     "finalized": null,
     "q0": {
      "py/object": "IMLCV.base.CV.CV",
      "cv": {
       "py/object": "jaxlib.xla_extension.ArrayImpl",
       "array": {
        "py/object": "numpy.ndarray",
        "dtype": "float64",
        "values": [
         -1.8849555921538759,
         1.8849555921538759
        ]
       }
      },
      "mapped": false,
      "atomic": false,
      "_combine_dims": null,
      "_stack_dims": null
     },
     "k": {
      "py/object": "jaxlib.xla_extension.ArrayImpl",
      "array": {
       "py/object": "numpy.ndarray",
       "dtype": "float64",
       "values": [
        0.0012349185304712173,
        0.0012349185304712173
       ]
      }
     },
     "k_max": null,
     "y0": null,
     "r0": null
    }
   }
  ],
  "fun": {
   "py/function": "jax._src.numpy.reductions.sum"
  }
 }
}